home	/	root.txt	5006
compare	/compare	compare.txt	3710
error-codes	/error-codes	error-codes.txt	2564
error-codes	/error-codes/SKMagic/dishwasher/e4	error-codes__SKMagic__dishwasher__e4.txt	2759
error-codes	/error-codes/Haier/air-conditioner/f25	error-codes__Haier__air-conditioner__f25.txt	1882
error-codes	/error-codes/Cuckoo/dishwasher/e4	error-codes__Cuckoo__dishwasher__e4.txt	2079
blog	/blog	blog.txt	4690
materials	/materials	materials.txt	1850
editorial-policy	/editorial-policy	editorial-policy.txt	2652
methodology	/methodology	methodology.txt	3516
about	/about	about.txt	3374
contact	/contact	contact.txt	1208
privacy	/privacy	privacy.txt	1151
terms	/terms	terms.txt	1734
blog	/blog/airpods-pro3-review-meta-analysis	blog__airpods-pro3-review-meta-analysis.txt	6627
blog	/blog/fridge-monthly-kwh-measurement	blog__fridge-monthly-kwh-measurement.txt	9725
blog	/blog/samsung-washer-check-codes	blog__samsung-washer-check-codes.txt	9851
blog	/blog/dishwasher-water-per-person	blog__dishwasher-water-per-person.txt	8411
blog	/blog/standbyme-go-vs-2-vs-max	blog__standbyme-go-vs-2-vs-max.txt	10646
blog	/blog/sony-xm5-vs-qcy-melobuds	blog__sony-xm5-vs-qcy-melobuds.txt	10571
blog	/blog/dehumidifier-liters-measurement	blog__dehumidifier-liters-measurement.txt	7254
blog	/blog/air-purifier-area-numbers	blog__air-purifier-area-numbers.txt	9435
blog	/blog/bespoke-rf85-vs-dios-t873	blog__bespoke-rf85-vs-dios-t873.txt	11229
blog	/blog/fridge-4door-vs-side-by-side	blog__fridge-4door-vs-side-by-side.txt	11951
blog	/blog/wall-aircon-samsung-vs-tcl-vs-haier	blog__wall-aircon-samsung-vs-tcl-vs-haier.txt	12232
blog	/blog/washer-dryer-combo-vs-separate	blog__washer-dryer-combo-vs-separate.txt	13193
blog	/blog/airpods-pro3-vs-buds3-pro-vs-liberty5	blog__airpods-pro3-vs-buds3-pro-vs-liberty5.txt	11209
blog	/blog/portable-tv-standbyme-vs-movingstyle	blog__portable-tv-standbyme-vs-movingstyle.txt	12845
blog	/blog/robot-vacuum-suction-numbers	blog__robot-vacuum-suction-numbers.txt	11196
blog	/blog/water-purifier-lg-vs-coway-vs-skmagic	blog__water-purifier-lg-vs-coway-vs-skmagic.txt	9565
blog	/blog/dishwasher-12-vs-6-countertop	blog__dishwasher-12-vs-6-countertop.txt	9685
blog	/blog/dyson-tp07-vs-hp09	blog__dyson-tp07-vs-hp09.txt	10528
category	/category/air-conditioner	category__air-conditioner.txt	5091
category	/category/dehumidifier	category__dehumidifier.txt	4935
category	/category/air-purifier	category__air-purifier.txt	5641
category	/category/fan	category__fan.txt	4868
category	/category/washer	category__washer.txt	6022
category	/category/dryer	category__dryer.txt	7073
category	/category/refrigerator	category__refrigerator.txt	6159
category	/category/dishwasher	category__dishwasher.txt	7051
category	/category/water-purifier	category__water-purifier.txt	6554
category	/category/robot-vacuum	category__robot-vacuum.txt	7600
category	/category/tv	category__tv.txt	5751
category	/category/wireless-earbuds	category__wireless-earbuds.txt	7065
brand	/brand/Samsung	brand__Samsung.txt	2903
brand	/brand/LG	brand__LG.txt	2008
brand	/brand/TCL	brand__TCL.txt	1393
brand	/brand/Haier	brand__Haier.txt	1574
brand	/brand/Dyson	brand__Dyson.txt	1985
brand	/brand/Xiaomi	brand__Xiaomi.txt	1075
brand	/brand/Coway	brand__Coway.txt	1269
brand	/brand/Winix	brand__Winix.txt	973
brand	/brand/Cuckoo	brand__Cuckoo.txt	1445
brand	/brand/Roborock	brand__Roborock.txt	1979
brand	/brand/Apple	brand__Apple.txt	1310
brand	/brand/Sony	brand__Sony.txt	1315
brand	/brand/Anker	brand__Anker.txt	1322
brand	/brand/QCY	brand__QCY.txt	1332
error-codes	/error-codes/Samsung	error-codes__Samsung.txt	4265
error-codes	/error-codes/Haier	error-codes__Haier.txt	1171
error-codes	/error-codes/SKMagic	error-codes__SKMagic.txt	4143
error-codes	/error-codes/Cuckoo	error-codes__Cuckoo.txt	2363
error-codes	/error-codes/Roborock	error-codes__Roborock.txt	3688
error-codes	/error-codes/Kiturami	error-codes__Kiturami.txt	7288
error-codes	/error-codes/Navien	error-codes__Navien.txt	5907
error-codes	/error-codes/LG	error-codes__LG.txt	3024
materials	/materials/polypropylene-nonwoven	materials__polypropylene-nonwoven.txt	1183
materials	/materials/sap	materials__sap.txt	1290
materials	/materials/acrylic-acid-monomer	materials__acrylic-acid-monomer.txt	1073
materials	/materials/fluorescent-whitening-agent	materials__fluorescent-whitening-agent.txt	1056
materials	/materials/formaldehyde	materials__formaldehyde.txt	984
materials	/materials/phthalate-plasticizers	materials__phthalate-plasticizers.txt	983
products	/products/samsung-wind-free-ar07a9170	products__samsung-wind-free-ar07a9170.txt	4651
products	/products/samsung-bespoke-grande-wf24a9500	products__samsung-bespoke-grande-wf24a9500.txt	5016
products	/products/samsung-bespoke-grande-dv17a9720	products__samsung-bespoke-grande-dv17a9720.txt	4942
products	/products/samsung-bespoke-4door-rf85	products__samsung-bespoke-4door-rf85.txt	5130
products	/products/samsung-bespoke-jetbot-ai	products__samsung-bespoke-jetbot-ai.txt	5644
products	/products/samsung-bespoke-ai-combo-wd25	products__samsung-bespoke-ai-combo-wd25.txt	5122
products	/products/samsung-the-movingstyle	products__samsung-the-movingstyle.txt	4897
products	/products/samsung-galaxy-buds3-pro	products__samsung-galaxy-buds3-pro.txt	4443
products	/products/lg-dios-obje-4door-t873	products__lg-dios-obje-4door-t873.txt	4750
products	/products/lg-puricare-water-purifier-objet	products__lg-puricare-water-purifier-objet.txt	5082
products	/products/lg-codezero-r5-robot	products__lg-codezero-r5-robot.txt	4066
products	/products/lg-dios-obje-sxs-s834	products__lg-dios-obje-sxs-s834.txt	4676
products	/products/lg-standbyme2	products__lg-standbyme2.txt	4634
products	/products/lg-standbyme2-max	products__lg-standbyme2-max.txt	4744
products	/products/lg-standbyme-go	products__lg-standbyme-go.txt	4663
products	/products/tcl-tac-08csd-wall	products__tcl-tac-08csd-wall.txt	3816
products	/products/tcl-tac-12csd-wall	products__tcl-tac-12csd-wall.txt	3751
products	/products/haier-cth06qbw-wall	products__haier-cth06qbw-wall.txt	4312
products	/products/haier-cth10qbw-wall	products__haier-cth10qbw-wall.txt	3972
products	/products/dyson-pure-cool-tp07	products__dyson-pure-cool-tp07.txt	4658
products	/products/dyson-hot-cool-hp09	products__dyson-hot-cool-hp09.txt	4838
products	/products/xiaomi-smart-air-purifier-4	products__xiaomi-smart-air-purifier-4.txt	4886
products	/products/coway-handpick-water-purifier-compact	products__coway-handpick-water-purifier-compact.txt	5021
products	/products/winix-posong-dehumidifier-16l	products__winix-posong-dehumidifier-16l.txt	4230
products	/products/cuckoo-dishwasher-table-cdw61	products__cuckoo-dishwasher-table-cdw61.txt	4853
products	/products/roborock-s8-proultra	products__roborock-s8-proultra.txt	5249
products	/products/roborock-qrevo-curv	products__roborock-qrevo-curv.txt	5286
products	/products/apple-airpods-pro3	products__apple-airpods-pro3.txt	5190
products	/products/sony-wf-1000xm5	products__sony-wf-1000xm5.txt	4613
products	/products/anker-soundcore-liberty5	products__anker-soundcore-liberty5.txt	4080
products	/products/qcy-melobuds-pro	products__qcy-melobuds-pro.txt	4582
